Date,Children apprehended and placed in CBP custody*,Children in CBP custody,Children transferred out of CBP custody,Children in HHS Care,Children discharged from HHS Care,Year,Month,Day,Transfer Efficiency
2023-01-12,33.0,53.0,34.0,6566,436.0,2023,1,12,1.0303030303030303
2023-01-22,32.0,49.0,39.0,7122,227.0,2023,1,22,1.21875
2023-01-23,32.0,50.0,39.0,7280,181.0,2023,1,23,1.21875
2023-01-24,47.0,42.0,47.0,7433,175.0,2023,1,24,1.0
2023-01-25,20.0,22.0,41.0,7538,180.0,2023,1,25,2.05
2023-01-29,23.0,45.0,11.0,7472,303.0,2023,1,29,0.4782608695652174
2023-01-30,34.0,54.0,29.0,7743,196.0,2023,1,30,0.8529411764705882
2023-01-31,26.0,36.0,36.0,7803,158.0,2023,1,31,1.3846153846153846
2023-02-01,25.0,32.0,27.0,7903,231.0,2023,2,1,1.08
2023-02-02,15.0,13.0,23.0,7879,298.0,2023,2,2,1.5333333333333334
2023-02-05,16.0,18.0,15.0,7586,342.0,2023,2,5,0.9375
2023-02-06,11.0,22.0,12.0,7720,196.0,2023,2,6,1.0909090909090908
2023-02-07,16.0,20.0,20.0,7855,200.0,2023,2,7,1.25
2023-02-08,93.0,196.0,169.0,7915,317.0,2023,2,8,1.8172043010752688
2023-02-09,124.0,234.0,161.0,7908,353.0,2023,2,9,1.2983870967741935
2023-02-12,92.0,203.0,173.0,7434,317.0,2023,2,12,1.8804347826086956
2023-02-13,186.0,259.0,172.0,7483,244.0,2023,2,13,0.9247311827956989
2023-02-14,154.0,225.0,220.0,7794,223.0,2023,2,14,1.4285714285714286
2023-02-15,91.0,199.0,172.0,7869,290.0,2023,2,15,1.89010989010989
2023-02-16,81.0,213.0,153.0,7793,361.0,2023,2,16,1.8888888888888888
2023-02-20,209.0,285.0,184.0,7817,209.0,2023,2,20,0.8803827751196173
2023-02-21,184.0,314.0,217.0,7967,213.0,2023,2,21,1.1793478260869565
2023-02-22,107.0,215.0,230.0,7978,232.0,2023,2,22,2.149532710280374
2023-02-23,101.0,162.0,178.0,7914,386.0,2023,2,23,1.7623762376237624
2023-02-26,99.0,190.0,176.0,7609,323.0,2023,2,26,1.7777777777777777
2023-02-27,167.0,239.0,166.0,7800,248.0,2023,2,27,0.9940119760479041
2023-02-28,115.0,216.0,169.0,7896,200.0,2023,2,28,1.4695652173913043
2023-03-01,84.0,158.0,193.0,7930,307.0,2023,3,1,2.2976190476190474
2023-03-02,130.0,227.0,192.0,7870,335.0,2023,3,2,1.476923076923077
2023-03-07,88.0,214.0,160.0,7859,259.0,2023,3,7,1.8181818181818181
2023-03-08,113.0,208.0,159.0,7885,291.0,2023,3,8,1.407079646017699
2023-03-09,174.0,285.0,150.0,7786,340.0,2023,3,9,0.8620689655172413
2023-03-13,104.0,230.0,206.0,7567,249.0,2023,3,13,1.9807692307692308
2023-03-14,147.0,276.0,214.0,7810,181.0,2023,3,14,1.4557823129251701
2023-03-15,108.0,220.0,213.0,7915,286.0,2023,3,15,1.9722222222222223
2023-03-16,180.0,280.0,146.0,7989,308.0,2023,3,16,0.8111111111111111
2023-03-19,134.0,294.0,186.0,7885,306.0,2023,3,19,1.3880597014925373
2023-03-20,202.0,313.0,158.0,7931,279.0,2023,3,20,0.7821782178217822
2023-03-21,110.0,272.0,193.0,8050,221.0,2023,3,21,1.7545454545454546
2023-03-22,166.0,277.0,229.0,8097,246.0,2023,3,22,1.3795180722891567
2023-03-23,136.0,276.0,178.0,8102,331.0,2023,3,23,1.3088235294117647
2023-03-26,87.0,246.0,173.0,7847,352.0,2023,3,26,1.9885057471264367
2023-03-27,84.0,171.0,157.0,7994,235.0,2023,3,27,1.869047619047619
2023-03-28,167.0,209.0,157.0,8079,223.0,2023,3,28,0.9401197604790419
2023-03-29,109.0,245.0,159.0,8208,267.0,2023,3,29,1.4587155963302751
2023-03-30,156.0,256.0,176.0,8158,359.0,2023,3,30,1.1282051282051282
2023-04-02,125.0,232.0,192.0,7981,304.0,2023,4,2,1.536
2023-04-03,118.0,139.0,168.0,8054,284.0,2023,4,3,1.423728813559322
2023-04-04,142.0,235.0,139.0,8068,259.0,2023,4,4,0.9788732394366197
2023-04-05,148.0,245.0,175.0,8175,260.0,2023,4,5,1.1824324324324325
2023-04-06,119.0,219.0,210.0,8178,284.0,2023,4,6,1.7647058823529411
2023-04-09,105.0,210.0,149.0,7900,329.0,2023,4,9,1.4190476190476191
2023-04-10,143.0,203.0,163.0,7826,265.0,2023,4,10,1.1398601398601398
2023-04-11,119.0,209.0,152.0,7922,187.0,2023,4,11,1.2773109243697478
2023-04-12,155.0,212.0,181.0,7876,283.0,2023,4,12,1.167741935483871
2023-04-13,109.0,214.0,173.0,7795,370.0,2023,4,13,1.5871559633027523
2023-04-16,191.0,283.0,192.0,7380,272.0,2023,4,16,1.0052356020942408
2023-04-17,170.0,297.0,196.0,7344,248.0,2023,4,17,1.1529411764705881
2023-04-18,152.0,272.0,214.0,7376,234.0,2023,4,18,1.4078947368421053
2023-04-19,239.0,367.0,224.0,7356,229.0,2023,4,19,0.9372384937238494
2023-04-20,113.0,280.0,237.0,7490,320.0,2023,4,20,2.0973451327433628
2023-04-23,196.0,306.0,187.0,7534,266.0,2023,4,23,0.9540816326530612
2023-04-24,236.0,330.0,222.0,7796,213.0,2023,4,24,0.940677966101695
2023-04-25,81.0,230.0,242.0,8017,202.0,2023,4,25,2.9876543209876543
2023-04-26,118.0,245.0,160.0,8117,256.0,2023,4,26,1.3559322033898304
2023-04-27,218.0,283.0,208.0,8159,310.0,2023,4,27,0.9541284403669725
2023-04-30,132.0,243.0,183.0,8352,293.0,2023,4,30,1.3863636363636365
2023-05-01,224.0,315.0,152.0,8492,237.0,2023,5,1,0.6785714285714286
2023-05-02,167.0,326.0,213.0,8654,245.0,2023,5,2,1.2754491017964071
2023-05-03,209.0,353.0,232.0,8704,267.0,2023,5,3,1.1100478468899522
2023-05-04,153.0,253.0,286.0,8790,332.0,2023,5,4,1.869281045751634
2023-05-07,180.0,337.0,219.0,8485,375.0,2023,5,7,1.2166666666666666
2023-05-08,133.0,287.0,189.0,8590,261.0,2023,5,8,1.4210526315789473
2023-05-09,187.0,310.0,247.0,8606,250.0,2023,5,9,1.320855614973262
2023-05-10,168.0,285.0,210.0,8681,304.0,2023,5,10,1.25
2023-05-11,269.0,412.0,204.0,8672,392.0,2023,5,11,0.758364312267658
2023-05-14,100.0,255.0,236.0,8445,288.0,2023,5,14,2.36
2023-05-15,205.0,294.0,177.0,8571,277.0,2023,5,15,0.8634146341463415
2023-05-16,161.0,304.0,211.0,8572,272.0,2023,5,16,1.31055900621118
2023-05-17,57.0,162.0,193.0,8569,307.0,2023,5,17,3.3859649122807016
2023-05-18,80.0,122.0,152.0,8474,351.0,2023,5,18,1.9
2023-05-21,107.0,170.0,133.0,7826,343.0,2023,5,21,1.2429906542056075
2023-05-22,99.0,156.0,139.0,7848,240.0,2023,5,22,1.404040404040404
2023-05-23,25.0,66.0,94.0,7788,246.0,2023,5,23,3.76
2023-05-24,35.0,70.0,53.0,7709,276.0,2023,5,24,1.5142857142857142
2023-05-25,43.0,73.0,64.0,7546,408.0,2023,5,25,1.4883720930232558
2023-05-29,41.0,60.0,71.0,6996,207.0,2023,5,29,1.7317073170731707
2023-05-30,65.0,83.0,65.0,7046,168.0,2023,5,30,1.0
2023-05-31,38.0,80.0,82.0,7053,210.0,2023,5,31,2.1578947368421053
2023-06-01,56.0,82.0,68.0,7002,287.0,2023,6,1,1.2142857142857142
2023-06-04,74.0,103.0,80.0,6555,292.0,2023,6,4,1.0810810810810811
2023-06-05,68.0,107.0,102.0,6523,189.0,2023,6,5,1.5
2023-06-06,92.0,124.0,93.0,6508,187.0,2023,6,6,1.0108695652173914
2023-06-07,113.0,162.0,107.0,6483,208.0,2023,6,7,0.9469026548672567
2023-06-08,106.0,196.0,131.0,6446,255.0,2023,6,8,1.2358490566037736
2023-06-11,86.0,152.0,168.0,6007,238.0,2023,6,11,1.9534883720930232
2023-06-12,84.0,118.0,136.0,6021,177.0,2023,6,12,1.619047619047619
2023-06-13,59.0,64.0,117.0,6061,146.0,2023,6,13,1.9830508474576272
2023-06-14,62.0,97.0,52.0,6065,167.0,2023,6,14,0.8387096774193549
2023-06-15,91.0,75.0,97.0,6038,272.0,2023,6,15,1.065934065934066
2023-06-19,29.0,51.0,11.0,5679,142.0,2023,6,19,0.3793103448275862
2023-06-20,33.0,53.0,34.0,5904,134.0,2023,6,20,1.0303030303030303
2023-06-21,93.0,196.0,169.0,5922,149.0,2023,6,21,1.8172043010752688
2023-06-22,124.0,234.0,161.0,5956,207.0,2023,6,22,1.2983870967741935
2023-06-25,92.0,203.0,173.0,5766,263.0,2023,6,25,1.8804347826086956
2023-06-26,186.0,259.0,172.0,5819,174.0,2023,6,26,0.9247311827956989
2023-06-27,154.0,225.0,220.0,5917,155.0,2023,6,27,1.4285714285714286
2023-06-28,91.0,199.0,172.0,5999,174.0,2023,6,28,1.89010989010989
2023-06-29,81.0,213.0,153.0,6058,213.0,2023,6,29,1.8888888888888888
2023-07-02,209.0,285.0,184.0,5903,309.0,2023,7,2,0.8803827751196173
2023-07-04,184.0,314.0,217.0,6127,124.0,2023,7,4,1.1793478260869565
2023-07-05,107.0,215.0,230.0,6193,167.0,2023,7,5,2.149532710280374
2023-07-06,101.0,162.0,178.0,6239,205.0,2023,7,6,1.7623762376237624
2023-07-09,99.0,190.0,176.0,6214,196.0,2023,7,9,1.7777777777777777
2023-07-10,167.0,239.0,166.0,6346,163.0,2023,7,10,0.9940119760479041
2023-07-11,115.0,216.0,169.0,6498,143.0,2023,7,11,1.4695652173913043
2023-07-12,84.0,158.0,193.0,6521,210.0,2023,7,12,2.2976190476190474
2023-07-13,130.0,227.0,192.0,6604,226.0,2023,7,13,1.476923076923077
2023-07-16,88.0,214.0,160.0,6468,218.0,2023,7,16,1.8181818181818181
2023-07-17,113.0,208.0,159.0,6632,160.0,2023,7,17,1.407079646017699
2023-07-18,174.0,285.0,150.0,6874,181.0,2023,7,18,0.8620689655172413
2023-07-19,104.0,230.0,206.0,7001,226.0,2023,7,19,1.9807692307692308
2023-07-20,147.0,276.0,214.0,7116,281.0,2023,7,20,1.4557823129251701
2023-07-23,108.0,220.0,213.0,7052,276.0,2023,7,23,1.9722222222222223
2023-07-24,180.0,280.0,146.0,7220,187.0,2023,7,24,0.8111111111111111
2023-07-25,134.0,294.0,186.0,7510,136.0,2023,7,25,1.3880597014925373
2023-07-26,202.0,313.0,158.0,7647,215.0,2023,7,26,0.7821782178217822
2023-07-27,110.0,272.0,193.0,7754,259.0,2023,7,27,1.7545454545454546
2023-07-30,166.0,277.0,229.0,7671,305.0,2023,7,30,1.3795180722891567
2023-07-31,136.0,276.0,178.0,7800,220.0,2023,7,31,1.3088235294117647
2023-08-01,87.0,246.0,173.0,8103,168.0,2023,8,1,1.9885057471264367
2023-08-02,84.0,171.0,157.0,8261,271.0,2023,8,2,1.869047619047619
2023-08-03,167.0,209.0,157.0,8294,339.0,2023,8,3,0.9401197604790419
2023-08-06,109.0,245.0,159.0,8298,322.0,2023,8,6,1.4587155963302751
2023-08-07,156.0,256.0,176.0,8493,202.0,2023,8,7,1.1282051282051282
2023-08-08,125.0,232.0,192.0,8725,207.0,2023,8,8,1.536
2023-08-09,118.0,139.0,168.0,8888,251.0,2023,8,9,1.423728813559322
2023-08-10,142.0,235.0,139.0,8914,353.0,2023,8,10,0.9788732394366197
2023-08-16,148.0,245.0,175.0,9634,288.0,2023,8,16,1.1824324324324325
2023-08-17,119.0,219.0,210.0,9694,407.0,2023,8,17,1.7647058823529411
2023-08-20,105.0,210.0,149.0,9483,390.0,2023,8,20,1.4190476190476191
2023-08-21,143.0,203.0,163.0,9668,281.0,2023,8,21,1.1398601398601398
2023-08-22,119.0,209.0,152.0,9921,230.0,2023,8,22,1.2773109243697478
2023-08-23,155.0,212.0,181.0,10071,285.0,2023,8,23,1.167741935483871
2023-08-24,109.0,214.0,173.0,10026,443.0,2023,8,24,1.5871559633027523
2023-08-27,191.0,283.0,192.0,9873,488.0,2023,8,27,1.0052356020942408
2023-08-28,170.0,297.0,196.0,10012,388.0,2023,8,28,1.1529411764705881
2023-08-29,152.0,272.0,214.0,10180,286.0,2023,8,29,1.4078947368421053
2023-08-30,239.0,367.0,224.0,10280,366.0,2023,8,30,0.9372384937238494
2023-08-31,113.0,280.0,237.0,10140,505.0,2023,8,31,2.0973451327433628
2023-09-04,196.0,306.0,187.0,9988,293.0,2023,9,4,0.9540816326530612
2023-09-05,236.0,330.0,222.0,10142,243.0,2023,9,5,0.940677966101695
2023-09-06,81.0,230.0,242.0,10356,291.0,2023,9,6,2.9876543209876543
2023-09-07,118.0,245.0,160.0,10419,398.0,2023,9,7,1.3559322033898304
2023-09-10,218.0,283.0,208.0,10282,382.0,2023,9,10,0.9541284403669725
2023-09-11,132.0,243.0,183.0,10492,277.0,2023,9,11,1.3863636363636365
2023-09-12,224.0,315.0,152.0,10649,316.0,2023,9,12,0.6785714285714286
2023-09-13,167.0,326.0,213.0,10678,343.0,2023,9,13,1.2754491017964071
2023-09-14,209.0,353.0,232.0,10837,414.0,2023,9,14,1.1100478468899522
2023-09-17,153.0,253.0,286.0,10799,427.0,2023,9,17,1.869281045751634
2023-09-18,180.0,337.0,219.0,10892,313.0,2023,9,18,1.2166666666666666
2023-09-19,133.0,287.0,189.0,11095,260.0,2023,9,19,1.4210526315789473
2023-09-20,187.0,310.0,247.0,11064,364.0,2023,9,20,1.320855614973262
2023-09-21,168.0,285.0,210.0,11067,428.0,2023,9,21,1.25
2023-09-24,269.0,412.0,204.0,10744,403.0,2023,9,24,0.758364312267658
2023-09-25,100.0,255.0,236.0,10842,284.0,2023,9,25,2.36
2023-09-26,205.0,294.0,177.0,10978,332.0,2023,9,26,0.8634146341463415
2023-09-27,161.0,304.0,211.0,11017,331.0,2023,9,27,1.31055900621118
2023-09-28,57.0,162.0,193.0,10984,447.0,2023,9,28,3.3859649122807016
2023-10-01,80.0,122.0,152.0,10598,493.0,2023,10,1,1.9
2023-10-02,107.0,170.0,133.0,10724,284.0,2023,10,2,1.2429906542056075
2023-10-03,99.0,156.0,139.0,10818,287.0,2023,10,3,1.404040404040404
2023-10-04,25.0,66.0,94.0,10963,330.0,2023,10,4,3.76
2023-10-05,35.0,70.0,53.0,11130,427.0,2023,10,5,1.5142857142857142
2023-10-09,43.0,73.0,64.0,10815,282.0,2023,10,9,1.4883720930232558
2023-10-10,41.0,60.0,71.0,10910,257.0,2023,10,10,1.7317073170731707
2023-10-11,65.0,83.0,65.0,10960,266.0,2023,10,11,1.0
2023-10-12,38.0,80.0,82.0,10992,398.0,2023,10,12,2.1578947368421053
2023-10-15,56.0,82.0,68.0,10571,434.0,2023,10,15,1.2142857142857142
2023-10-16,74.0,103.0,80.0,10629,331.0,2023,10,16,1.0810810810810811
2023-10-17,68.0,107.0,102.0,10630,315.0,2023,10,17,1.5
2023-10-18,92.0,124.0,93.0,10511,393.0,2023,10,18,1.0108695652173914
2023-10-19,113.0,162.0,107.0,10319,406.0,2023,10,19,0.9469026548672567
2023-10-22,106.0,196.0,131.0,9506,454.0,2023,10,22,1.2358490566037736
2023-10-23,86.0,152.0,168.0,9436,327.0,2023,10,23,1.9534883720930232
2023-10-24,84.0,118.0,136.0,9396,300.0,2023,10,24,1.619047619047619
2023-10-25,59.0,64.0,117.0,9351,293.0,2023,10,25,1.9830508474576272
2023-10-26,62.0,97.0,52.0,9235,390.0,2023,10,26,0.8387096774193549
2023-10-29,91.0,75.0,97.0,8925,418.0,2023,10,29,1.065934065934066
2023-10-30,29.0,51.0,11.0,9026,278.0,2023,10,30,0.3793103448275862
2023-10-31,33.0,53.0,34.0,9072,295.0,2023,10,31,1.0303030303030303
2023-11-01,132.0,235.0,197.0,9250,279.0,2023,11,1,1.4924242424242424
2023-11-02,174.0,208.0,256.0,9442,330.0,2023,11,2,1.471264367816092
2023-11-05,123.0,230.0,167.0,9273,370.0,2023,11,5,1.3577235772357723
2023-11-06,123.0,233.0,159.0,9286,316.0,2023,11,6,1.2926829268292683
2023-11-07,141.0,232.0,188.0,9483,231.0,2023,11,7,1.3333333333333333
2023-11-08,158.0,226.0,191.0,9634,310.0,2023,11,8,1.2088607594936709
2023-11-12,96.0,160.0,233.0,9477,313.0,2023,11,12,2.4270833333333335
2023-11-13,141.0,173.0,129.0,9510,287.0,2023,11,13,0.9148936170212766
2023-11-14,116.0,181.0,182.0,9665,247.0,2023,11,14,1.5689655172413792
2023-11-15,150.0,157.0,201.0,9762,316.0,2023,11,15,1.34
2023-11-16,80.0,176.0,125.0,9762,374.0,2023,11,16,1.5625
2023-11-19,116.0,188.0,164.0,9573,435.0,2023,11,19,1.4137931034482758
2023-11-20,105.0,185.0,158.0,9638,298.0,2023,11,20,1.5047619047619047
2023-11-21,136.0,246.0,123.0,9804,250.0,2023,11,21,0.9044117647058824
2023-11-23,128.0,228.0,177.0,9838,283.0,2023,11,23,1.3828125
2023-11-26,90.0,196.0,205.0,9845,312.0,2023,11,26,2.2777777777777777
2023-11-27,56.0,82.0,68.0,10123,214.0,2023,11,27,1.2142857142857142
2023-11-28,74.0,103.0,80.0,10223,223.0,2023,11,28,1.0810810810810811
2023-11-29,68.0,107.0,102.0,10398,284.0,2023,11,29,1.5
2023-11-30,92.0,124.0,93.0,10536,320.0,2023,11,30,1.0108695652173914
2023-12-03,132.0,235.0,197.0,10579,417.0,2023,12,3,1.4924242424242424
2023-12-04,174.0,208.0,256.0,10635,273.0,2023,12,4,1.471264367816092
2023-12-05,123.0,230.0,167.0,10761,261.0,2023,12,5,1.3577235772357723
2023-12-06,123.0,233.0,159.0,10832,376.0,2023,12,6,1.2926829268292683
2023-12-07,141.0,232.0,188.0,10897,466.0,2023,12,7,1.3333333333333333
2023-12-10,158.0,226.0,191.0,10871,411.0,2023,12,10,1.2088607594936709
2023-12-11,96.0,160.0,233.0,10998,304.0,2023,12,11,2.4270833333333335
2023-12-12,141.0,173.0,129.0,11077,259.0,2023,12,12,0.9148936170212766
2023-12-13,116.0,181.0,182.0,11192,335.0,2023,12,13,1.5689655172413792
2023-12-14,150.0,157.0,201.0,11242,396.0,2023,12,14,1.34
2023-12-17,80.0,176.0,125.0,11092,456.0,2023,12,17,1.5625
2023-12-18,116.0,188.0,164.0,11149,364.0,2023,12,18,1.4137931034482758
2023-12-19,105.0,185.0,158.0,11291,272.0,2023,12,19,1.5047619047619047
2023-12-20,136.0,246.0,123.0,11516,390.0,2023,12,20,0.9044117647058824
2023-12-21,128.0,228.0,177.0,11375,497.0,2023,12,21,1.3828125
2023-12-25,90.0,196.0,205.0,11144,347.0,2023,12,25,2.2777777777777777
2023-12-26,56.0,82.0,68.0,11217,288.0,2023,12,26,1.2142857142857142
2023-12-27,74.0,103.0,80.0,11206,335.0,2023,12,27,1.0810810810810811
2023-12-28,68.0,107.0,102.0,11230,357.0,2023,12,28,1.5
2024-01-01,92.0,124.0,93.0,10870,290.0,2024,1,1,1.0108695652173914
2024-01-02,113.0,162.0,107.0,10770,316.0,2024,1,2,0.9469026548672567
2024-01-03,106.0,196.0,131.0,10718,263.0,2024,1,3,1.2358490566037736
2024-01-04,86.0,152.0,168.0,10558,362.0,2024,1,4,1.9534883720930232
2024-01-07,84.0,118.0,136.0,9670,367.0,2024,1,7,1.619047619047619
2024-01-08,59.0,64.0,117.0,9670,367.0,2024,1,8,1.9830508474576272
2024-01-09,62.0,97.0,52.0,9311,286.0,2024,1,9,0.8387096774193549
2024-01-10,91.0,75.0,97.0,9144,349.0,2024,1,10,1.065934065934066
2024-01-11,29.0,51.0,11.0,8829,476.0,2024,1,11,0.3793103448275862
2024-01-15,33.0,53.0,34.0,8033,234.0,2024,1,15,1.0303030303030303
2024-01-16,32.0,49.0,39.0,8133,188.0,2024,1,16,1.21875
2024-01-17,80.0,176.0,125.0,8072,353.0,2024,1,17,1.5625
2024-01-18,116.0,188.0,164.0,8042,359.0,2024,1,18,1.4137931034482758
2024-01-21,105.0,185.0,158.0,7974,371.0,2024,1,21,1.5047619047619047
2024-01-22,136.0,246.0,123.0,8008,222.0,2024,1,22,0.9044117647058824
2024-01-23,128.0,228.0,177.0,8133,202.0,2024,1,23,1.3828125
2024-01-24,90.0,196.0,205.0,8212,243.0,2024,1,24,2.2777777777777777
2024-01-25,102.0,189.0,155.0,8180,293.0,2024,1,25,1.5196078431372548
2024-01-28,120.0,257.0,126.0,8004,307.0,2024,1,28,1.05
2024-01-29,137.0,272.0,166.0,8057,195.0,2024,1,29,1.2116788321167884
2024-01-30,93.0,198.0,208.0,8182,187.0,2024,1,30,2.236559139784946
2024-01-31,203.0,477.0,258.0,8153,266.0,2024,1,31,1.270935960591133
2024-02-01,222.0,459.0,289.0,8026,337.0,2024,2,1,1.3018018018018018
2024-02-04,253.0,531.0,248.0,7813,342.0,2024,2,4,0.9802371541501976
2024-02-05,157.0,466.0,345.0,7872,242.0,2024,2,5,2.1974522292993632
2024-02-06,291.0,455.0,323.0,8045,178.0,2024,2,6,1.1099656357388317
2024-02-07,227.0,453.0,330.0,8160,222.0,2024,2,7,1.4537444933920705
2024-02-08,298.0,499.0,358.0,8188,315.0,2024,2,8,1.2013422818791946
2024-02-11,205.0,515.0,226.0,8056,347.0,2024,2,11,1.102439024390244
2024-02-12,213.0,430.0,440.0,8092,234.0,2024,2,12,2.0657276995305165
2024-02-13,227.0,369.0,349.0,8348,160.0,2024,2,13,1.5374449339207048
2024-02-14,185.0,322.0,272.0,8512,230.0,2024,2,14,1.4702702702702704
2024-02-15,333.0,508.0,272.0,8463,312.0,2024,2,15,0.8168168168168168
2024-02-19,249.0,420.0,371.0,8380,218.0,2024,2,19,1.4899598393574298
2024-02-20,149.0,395.0,273.0,8488,192.0,2024,2,20,1.832214765100671
2024-02-21,232.0,430.0,318.0,8573,231.0,2024,2,21,1.3706896551724137
2024-02-22,165.0,400.0,292.0,8607,293.0,2024,2,22,1.7696969696969698
2024-02-25,244.0,482.0,366.0,8404,329.0,2024,2,25,1.5
2024-02-26,199.0,438.0,326.0,8404,329.0,2024,2,26,1.6381909547738693
2024-02-27,197.0,369.0,306.0,8650,206.0,2024,2,27,1.5532994923857868
2024-02-28,209.0,447.0,274.0,8699,257.0,2024,2,28,1.3110047846889952
2024-02-29,262.0,444.0,354.0,8724,299.0,2024,2,29,1.3511450381679388
2024-03-03,236.0,468.0,347.0,8594,354.0,2024,3,3,1.4703389830508475
2024-03-04,225.0,509.0,340.0,8660,229.0,2024,3,4,1.511111111111111
2024-03-05,246.0,472.0,345.0,8800,214.0,2024,3,5,1.4024390243902438
2024-03-06,230.0,457.0,277.0,8870,232.0,2024,3,6,1.2043478260869565
2024-03-07,181.0,424.0,328.0,8902,305.0,2024,3,7,1.8121546961325967
2024-03-10,190.0,368.0,326.0,8714,373.0,2024,3,10,1.7157894736842105
2024-03-11,178.0,336.0,290.0,8757,253.0,2024,3,11,1.6292134831460674
2024-03-12,154.0,294.0,290.0,8843,213.0,2024,3,12,1.8831168831168832
2024-03-13,165.0,358.0,167.0,8819,239.0,2024,3,13,1.0121212121212122
2024-03-14,166.0,301.0,252.0,8695,310.0,2024,3,14,1.5180722891566265
2024-03-17,127.0,260.0,259.0,8373,342.0,2024,3,17,2.0393700787401574
2024-03-18,123.0,243.0,188.0,8333,283.0,2024,3,18,1.5284552845528456
2024-03-19,99.0,202.0,256.0,8390,197.0,2024,3,19,2.585858585858586
2024-03-20,91.0,181.0,174.0,8365,227.0,2024,3,20,1.9120879120879122
2024-03-21,132.0,261.0,141.0,8292,235.0,2024,3,21,1.0681818181818181
2024-03-24,124.0,264.0,221.0,7899,373.0,2024,3,24,1.782258064516129
2024-03-25,128.0,242.0,224.0,7899,229.0,2024,3,25,1.75
2024-03-26,187.0,276.0,200.0,7919,208.0,2024,3,26,1.0695187165775402
2024-03-27,129.0,287.0,185.0,7893,215.0,2024,3,27,1.434108527131783
2024-03-28,161.0,288.0,248.0,7762,360.0,2024,3,28,1.5403726708074534
2024-03-31,105.0,254.0,151.0,7257,287.0,2024,3,31,1.438095238095238
2024-04-01,109.0,235.0,171.0,7271,172.0,2024,4,1,1.5688073394495412
2024-04-02,101.0,230.0,175.0,7340,132.0,2024,4,2,1.7326732673267327
2024-04-03,124.0,230.0,190.0,7346,163.0,2024,4,3,1.532258064516129
2024-04-04,95.0,226.0,152.0,7317,225.0,2024,4,4,1.6
2024-04-07,106.0,239.0,233.0,6982,279.0,2024,4,7,2.19811320754717
2024-04-08,102.0,230.0,167.0,6988,199.0,2024,4,8,1.6372549019607843
2024-04-09,118.0,231.0,217.0,7043,130.0,2024,4,9,1.8389830508474576
2024-04-10,117.0,244.0,142.0,6999,227.0,2024,4,10,1.2136752136752136
2024-04-11,183.0,221.0,220.0,6912,285.0,2024,4,11,1.2021857923497268
2024-04-14,128.0,245.0,243.0,6630,290.0,2024,4,14,1.8984375
2024-04-15,144.0,303.0,176.0,6681,191.0,2024,4,15,1.2222222222222223
2024-04-16,219.0,392.0,205.0,6685,163.0,2024,4,16,0.9360730593607306
2024-04-17,182.0,371.0,274.0,6725,227.0,2024,4,17,1.5054945054945055
2024-04-18,144.0,322.0,258.0,6728,260.0,2024,4,18,1.7916666666666667
2024-04-21,208.0,380.0,343.0,6745,240.0,2024,4,21,1.6490384615384615
2024-04-22,176.0,424.0,251.0,6799,214.0,2024,4,22,1.4261363636363635
2024-04-23,252.0,427.0,307.0,6967,134.0,2024,4,23,1.2182539682539681
2024-04-24,253.0,411.0,307.0,7128,154.0,2024,4,24,1.2134387351778657
2024-04-25,145.0,357.0,333.0,7209,217.0,2024,4,25,2.296551724137931
2024-04-28,158.0,349.0,365.0,7298,250.0,2024,4,28,2.310126582278481
2024-04-29,140.0,292.0,255.0,7373,187.0,2024,4,29,1.8214285714285714
2024-04-30,220.0,443.0,194.0,7431,135.0,2024,4,30,0.8818181818181818
2024-05-01,197.0,437.0,295.0,7508,190.0,2024,5,1,1.49746192893401
2024-05-02,206.0,411.0,293.0,7577,194.0,2024,5,2,1.4223300970873787
2024-05-05,150.0,315.0,228.0,7447,332.0,2024,5,5,1.52
2024-05-06,173.0,337.0,211.0,7449,205.0,2024,5,6,1.2196531791907514
2024-05-07,176.0,334.0,246.0,7566,163.0,2024,5,7,1.3977272727272727
2024-05-08,167.0,374.0,205.0,7583,202.0,2024,5,8,1.2275449101796407
2024-05-09,138.0,285.0,268.0,7570,244.0,2024,5,9,1.9420289855072463
2024-05-12,138.0,301.0,263.0,7464,245.0,2024,5,12,1.9057971014492754
2024-05-13,112.0,331.0,167.0,7499,157.0,2024,5,13,1.4910714285714286
2024-05-14,246.0,419.0,218.0,7546,186.0,2024,5,14,0.8861788617886179
2024-05-15,115.0,285.0,341.0,7589,265.0,2024,5,15,2.965217391304348
2024-05-16,206.0,340.0,214.0,7565,234.0,2024,5,16,1.0388349514563107
2024-05-19,143.0,295.0,278.0,7356,298.0,2024,5,19,1.944055944055944
2024-05-20,111.0,268.0,217.0,7368,192.0,2024,5,20,1.954954954954955
2024-05-21,196.0,348.0,176.0,7404,145.0,2024,5,21,0.8979591836734694
2024-05-22,168.0,349.0,272.0,7474,208.0,2024,5,22,1.619047619047619
2024-05-23,193.0,272.0,314.0,7494,227.0,2024,5,23,1.6269430051813472
2024-05-27,156.0,344.0,252.0,7365,167.0,2024,5,27,1.6153846153846154
2024-05-28,153.0,348.0,239.0,7418,151.0,2024,5,28,1.5620915032679739
2024-05-29,182.0,462.0,158.0,7491,141.0,2024,5,29,0.8681318681318682
2024-05-30,167.0,406.0,339.0,7563,190.0,2024,5,30,2.029940119760479
2024-06-02,159.0,330.0,322.0,7546,306.0,2024,6,2,2.0251572327044025
2024-06-03,109.0,244.0,257.0,7596,224.0,2024,6,3,2.3577981651376145
2024-06-04,260.0,356.0,176.0,7565,203.0,2024,6,4,0.676923076923077
2024-06-05,173.0,345.0,291.0,7691,198.0,2024,6,5,1.6820809248554913
2024-06-06,179.0,326.0,282.0,7741,238.0,2024,6,6,1.5754189944134078
2024-06-09,116.0,289.0,166.0,7451,312.0,2024,6,9,1.4310344827586208
2024-06-10,184.0,334.0,229.0,7439,212.0,2024,6,10,1.2445652173913044
2024-06-11,186.0,352.0,224.0,7493,156.0,2024,6,11,1.2043010752688172
2024-06-12,152.0,266.0,274.0,7548,212.0,2024,6,12,1.8026315789473684
2024-06-13,167.0,293.0,230.0,7544,259.0,2024,6,13,1.377245508982036
2024-06-16,204.0,315.0,233.0,7307,294.0,2024,6,16,1.142156862745098
2024-06-17,159.0,310.0,272.0,7318,224.0,2024,6,17,1.7106918238993711
2024-06-18,160.0,297.0,253.0,7340,214.0,2024,6,18,1.58125
2024-06-19,204.0,321.0,246.0,7433,198.0,2024,6,19,1.2058823529411764
2024-06-20,145.0,247.0,243.0,7431,235.0,2024,6,20,1.6758620689655173
2024-06-23,102.0,227.0,201.0,7247,294.0,2024,6,23,1.9705882352941178
2024-06-24,116.0,175.0,172.0,7239,202.0,2024,6,24,1.4827586206896552
2024-06-25,172.0,263.0,191.0,7239,202.0,2024,6,25,1.1104651162790697
2024-06-26,132.0,235.0,197.0,7268,187.0,2024,6,26,1.4924242424242424
2024-06-27,174.0,208.0,256.0,7248,268.0,2024,6,27,1.471264367816092
2024-06-30,123.0,230.0,167.0,6874,273.0,2024,6,30,1.3577235772357723
2024-07-01,123.0,233.0,159.0,6825,229.0,2024,7,1,1.2926829268292683
2024-07-02,141.0,232.0,188.0,6823,184.0,2024,7,2,1.3333333333333333
2024-07-04,158.0,226.0,191.0,6790,225.0,2024,7,4,1.2088607594936709
2024-07-07,96.0,160.0,233.0,6599,213.0,2024,7,7,2.4270833333333335
2024-07-08,141.0,173.0,129.0,6617,123.0,2024,7,8,0.9148936170212766
2024-07-09,116.0,181.0,182.0,6651,130.0,2024,7,9,1.5689655172413792
2024-07-10,150.0,157.0,201.0,6649,177.0,2024,7,10,1.34
2024-07-11,80.0,176.0,125.0,6640,197.0,2024,7,11,1.5625
2024-07-14,116.0,188.0,164.0,6308,237.0,2024,7,14,1.4137931034482758
2024-07-15,105.0,185.0,158.0,6283,171.0,2024,7,15,1.5047619047619047
2024-07-16,136.0,246.0,123.0,6239,173.0,2024,7,16,0.9044117647058824
2024-07-17,128.0,228.0,177.0,6228,187.0,2024,7,17,1.3828125
2024-07-21,90.0,196.0,205.0,6058,262.0,2024,7,21,2.2777777777777777
2024-07-22,102.0,189.0,155.0,6002,234.0,2024,7,22,1.5196078431372548
2024-07-23,120.0,257.0,126.0,5965,170.0,2024,7,23,1.05
2024-07-24,137.0,272.0,166.0,5927,177.0,2024,7,24,1.2116788321167884
2024-07-25,93.0,198.0,208.0,5954,194.0,2024,7,25,2.236559139784946
2024-07-28,152.0,290.0,199.0,5743,207.0,2024,7,28,1.3092105263157894
2024-07-29,114.0,210.0,219.0,5819,163.0,2024,7,29,1.9210526315789473
2024-07-30,125.0,203.0,208.0,5930,92.0,2024,7,30,1.664
2024-07-31,140.0,261.0,163.0,5963,154.0,2024,7,31,1.1642857142857144
2024-08-01,227.0,298.0,212.0,6016,169.0,2024,8,1,0.933920704845815
2024-08-04,63.0,167.0,143.0,5943,170.0,2024,8,4,2.2698412698412698
2024-08-05,172.0,259.0,138.0,5950,150.0,2024,8,5,0.8023255813953488
2024-08-06,163.0,283.0,200.0,5998,143.0,2024,8,6,1.2269938650306749
2024-08-07,135.0,273.0,207.0,6038,174.0,2024,8,7,1.5333333333333334
2024-08-08,119.0,230.0,213.0,6084,174.0,2024,8,8,1.7899159663865547
2024-08-11,95.0,211.0,140.0,5894,249.0,2024,8,11,1.4736842105263157
2024-08-12,109.0,219.0,155.0,5903,148.0,2024,8,12,1.4220183486238531
2024-08-13,162.0,239.0,189.0,5981,123.0,2024,8,13,1.1666666666666667
2024-08-14,109.0,226.0,191.0,5987,178.0,2024,8,14,1.7522935779816513
2024-08-15,124.0,241.0,156.0,5895,220.0,2024,8,15,1.2580645161290323
2024-08-18,86.0,244.0,235.0,5821,178.0,2024,8,18,2.7325581395348837
2024-08-19,176.0,254.0,162.0,5865,158.0,2024,8,19,0.9204545454545454
2024-08-20,136.0,274.0,245.0,5995,112.0,2024,8,20,1.8014705882352942
2024-08-21,134.0,245.0,167.0,6028,156.0,2024,8,21,1.2462686567164178
2024-08-22,182.0,307.0,205.0,6054,171.0,2024,8,22,1.1263736263736264
2024-08-27,149.0,285.0,222.0,6152,97.0,2024,8,27,1.4899328859060403
2024-08-28,170.0,285.0,178.0,6227,134.0,2024,8,28,1.0470588235294118
2024-08-29,145.0,295.0,188.0,6250,169.0,2024,8,29,1.296551724137931
2024-09-02,133.0,270.0,198.0,6192,129.0,2024,9,2,1.4887218045112782
2024-09-03,131.0,263.0,177.0,6272,112.0,2024,9,3,1.3511450381679388
2024-09-04,121.0,231.0,219.0,6375,114.0,2024,9,4,1.8099173553719008
2024-09-05,126.0,230.0,175.0,6448,121.0,2024,9,5,1.3888888888888888
2024-09-08,123.0,255.0,164.0,6312,221.0,2024,9,8,1.3333333333333333
2024-09-09,144.0,275.0,190.0,6353,141.0,2024,9,9,1.3194444444444444
2024-09-10,131.0,251.0,180.0,6396,148.0,2024,9,10,1.3740458015267176
2024-09-11,93.0,248.0,175.0,6410,162.0,2024,9,11,1.881720430107527
2024-09-12,184.0,280.0,210.0,6360,220.0,2024,9,12,1.141304347826087
2024-09-13,81.0,200.0,212.0,6326,279.0,2024,9,13,2.617283950617284
2024-09-15,98.0,220.0,167.0,6234,210.0,2024,9,15,1.7040816326530612
2024-09-16,113.0,209.0,160.0,6229,164.0,2024,9,16,1.415929203539823
2024-09-17,159.0,304.0,139.0,6227,160.0,2024,9,17,0.8742138364779874
2024-09-18,116.0,213.0,217.0,6245,149.0,2024,9,18,1.8706896551724137
2024-09-19,93.0,196.0,169.0,6270,188.0,2024,9,19,1.8172043010752688
2024-09-22,124.0,234.0,161.0,5989,197.0,2024,9,22,1.2983870967741935
2024-09-23,92.0,203.0,173.0,6002,165.0,2024,9,23,1.8804347826086956
2024-09-24,186.0,259.0,172.0,6023,143.0,2024,9,24,0.9247311827956989
2024-09-25,154.0,225.0,220.0,6050,169.0,2024,9,25,1.4285714285714286
2024-09-26,91.0,199.0,172.0,6090,185.0,2024,9,26,1.89010989010989
2024-09-29,81.0,213.0,153.0,5925,177.0,2024,9,29,1.8888888888888888
2024-09-30,209.0,285.0,184.0,5967,138.0,2024,9,30,0.8803827751196173
2024-10-01,184.0,314.0,217.0,6040,137.0,2024,10,1,1.1793478260869565
2024-10-02,107.0,215.0,230.0,6091,173.0,2024,10,2,2.149532710280374
2024-10-03,101.0,162.0,178.0,6118,193.0,2024,10,3,1.7623762376237624
2024-10-07,99.0,190.0,176.0,5968,153.0,2024,10,7,1.7777777777777777
2024-10-08,167.0,239.0,166.0,6013,123.0,2024,10,8,0.9940119760479041
2024-10-09,115.0,216.0,169.0,6047,137.0,2024,10,9,1.4695652173913043
2024-10-10,84.0,158.0,193.0,6075,159.0,2024,10,10,2.2976190476190474
2024-10-13,130.0,227.0,192.0,5889,210.0,2024,10,13,1.476923076923077
2024-10-14,88.0,214.0,160.0,5935,106.0,2024,10,14,1.8181818181818181
2024-10-15,113.0,208.0,159.0,6013,107.0,2024,10,15,1.407079646017699
2024-10-16,174.0,285.0,150.0,6036,129.0,2024,10,16,0.8620689655172413
2024-10-17,104.0,230.0,206.0,6076,160.0,2024,10,17,1.9807692307692308
2024-10-20,147.0,276.0,214.0,5918,195.0,2024,10,20,1.4557823129251701
2024-10-21,108.0,220.0,213.0,5966,154.0,2024,10,21,1.9722222222222223
2024-10-22,180.0,280.0,146.0,6043,109.0,2024,10,22,0.8111111111111111
2024-10-23,134.0,294.0,186.0,6077,138.0,2024,10,23,1.3880597014925373
2024-10-27,202.0,313.0,158.0,5974,192.0,2024,10,27,0.7821782178217822
2024-10-28,110.0,272.0,193.0,6008,156.0,2024,10,28,1.7545454545454546
2024-10-29,166.0,277.0,229.0,6106,126.0,2024,10,29,1.3795180722891567
2024-10-30,136.0,276.0,178.0,6149,160.0,2024,10,30,1.3088235294117647
2024-10-31,87.0,246.0,173.0,6148,177.0,2024,10,31,1.9885057471264367
2024-11-03,84.0,171.0,157.0,5990,184.0,2024,11,3,1.869047619047619
2024-11-04,167.0,209.0,157.0,6007,132.0,2024,11,4,0.9401197604790419
2024-11-05,109.0,245.0,159.0,6045,126.0,2024,11,5,1.4587155963302751
2024-11-06,156.0,256.0,176.0,6086,137.0,2024,11,6,1.1282051282051282
2024-11-07,125.0,232.0,192.0,6084,177.0,2024,11,7,1.536
2024-11-11,118.0,139.0,168.0,5963,145.0,2024,11,11,1.423728813559322
2024-11-12,142.0,235.0,139.0,5975,138.0,2024,11,12,0.9788732394366197
2024-11-13,148.0,245.0,175.0,5966,151.0,2024,11,13,1.1824324324324325
2024-11-14,119.0,219.0,210.0,6025,172.0,2024,11,14,1.7647058823529411
2024-11-17,105.0,210.0,149.0,5816,195.0,2024,11,17,1.4190476190476191
2024-11-18,143.0,203.0,163.0,5819,138.0,2024,11,18,1.1398601398601398
2024-11-19,119.0,209.0,152.0,5844,146.0,2024,11,19,1.2773109243697478
2024-11-20,155.0,212.0,181.0,5879,148.0,2024,11,20,1.167741935483871
2024-11-21,109.0,214.0,173.0,5850,210.0,2024,11,21,1.5871559633027523
2024-11-24,191.0,283.0,192.0,5664,207.0,2024,11,24,1.0052356020942408
2024-11-25,170.0,297.0,196.0,5715,129.0,2024,11,25,1.1529411764705881
2024-11-26,152.0,272.0,214.0,5826,112.0,2024,11,26,1.4078947368421053
2024-11-27,239.0,367.0,224.0,5862,211.0,2024,11,27,0.9372384937238494
2024-11-28,113.0,280.0,237.0,5963,143.0,2024,11,28,2.0973451327433628
2024-12-01,196.0,306.0,187.0,5986,149.0,2024,12,1,0.9540816326530612
2024-12-02,236.0,330.0,222.0,6061,115.0,2024,12,2,0.940677966101695
2024-12-03,81.0,230.0,242.0,6192,107.0,2024,12,3,2.9876543209876543
2024-12-04,118.0,245.0,160.0,6269,115.0,2024,12,4,1.3559322033898304
2024-12-05,218.0,283.0,208.0,6310,150.0,2024,12,5,0.9541284403669725
2024-12-08,132.0,243.0,183.0,6286,172.0,2024,12,8,1.3863636363636365
2024-12-09,224.0,315.0,152.0,6268,174.0,2024,12,9,0.6785714285714286
2024-12-10,167.0,326.0,213.0,6310,149.0,2024,12,10,1.2754491017964071
2024-12-11,209.0,353.0,232.0,6402,152.0,2024,12,11,1.1100478468899522
2024-12-12,153.0,253.0,286.0,6481,194.0,2024,12,12,1.869281045751634
2024-12-15,180.0,337.0,219.0,6408,224.0,2024,12,15,1.2166666666666666
2024-12-16,133.0,287.0,189.0,6454,149.0,2024,12,16,1.4210526315789473
2024-12-17,187.0,310.0,247.0,6506,151.0,2024,12,17,1.320855614973262
2024-12-18,168.0,285.0,210.0,6598,134.0,2024,12,18,1.25
2024-12-19,269.0,412.0,204.0,6600,238.0,2024,12,19,0.758364312267658
2024-12-22,100.0,255.0,236.0,6595,268.0,2024,12,22,2.36
2024-12-23,205.0,294.0,177.0,6548,231.0,2024,12,23,0.8634146341463415
2024-12-24,161.0,304.0,211.0,6622,155.0,2024,12,24,1.31055900621118
2024-12-25,57.0,162.0,193.0,6689,107.0,2024,12,25,3.3859649122807016
2024-12-26,80.0,122.0,152.0,6707,135.0,2024,12,26,1.9
2024-12-29,107.0,170.0,133.0,6465,216.0,2024,12,29,1.2429906542056075
2024-12-30,99.0,156.0,139.0,6454,177.0,2024,12,30,1.404040404040404
2025-01-01,25.0,66.0,94.0,6405,144.0,2025,1,1,3.76
2025-01-02,35.0,70.0,53.0,6292,170.0,2025,1,2,1.5142857142857142
2025-01-05,43.0,73.0,64.0,5882,185.0,2025,1,5,1.4883720930232558
2025-01-06,41.0,60.0,71.0,5769,190.0,2025,1,6,1.7317073170731707
2025-01-07,65.0,83.0,65.0,5703,133.0,2025,1,7,1.0
2025-01-08,38.0,80.0,82.0,5605,184.0,2025,1,8,2.1578947368421053
2025-01-09,56.0,82.0,68.0,5507,164.0,2025,1,9,1.2142857142857142
2025-01-12,74.0,103.0,80.0,5092,235.0,2025,1,12,1.0810810810810811
2025-01-13,68.0,107.0,102.0,5019,181.0,2025,1,13,1.5
2025-01-14,92.0,124.0,93.0,4957,139.0,2025,1,14,1.0108695652173914
2025-01-15,113.0,162.0,107.0,4903,164.0,2025,1,15,0.9469026548672567
2025-01-16,106.0,196.0,131.0,4881,159.0,2025,1,16,1.2358490566037736
2025-01-19,86.0,152.0,168.0,4628,176.0,2025,1,19,1.9534883720930232
2025-01-20,84.0,118.0,136.0,4638,127.0,2025,1,20,1.619047619047619
2025-01-21,59.0,64.0,117.0,4728,54.0,2025,1,21,1.9830508474576272
2025-01-22,62.0,97.0,52.0,4717,83.0,2025,1,22,0.8387096774193549
2025-01-23,91.0,75.0,97.0,4621,174.0,2025,1,23,1.065934065934066
2025-01-26,29.0,51.0,11.0,4241,182.0,2025,1,26,0.3793103448275862
2025-01-27,33.0,53.0,34.0,4161,127.0,2025,1,27,1.0303030303030303
2025-01-28,32.0,49.0,39.0,4096,101.0,2025,1,28,1.21875
2025-01-29,32.0,50.0,39.0,4036,99.0,2025,1,29,1.21875
2025-01-30,47.0,42.0,47.0,3923,159.0,2025,1,30,1.0
2025-02-02,20.0,22.0,41.0,3483,168.0,2025,2,2,2.05
2025-02-03,23.0,45.0,11.0,3403,102.0,2025,2,3,0.4782608695652174
2025-02-04,34.0,54.0,29.0,3359,74.0,2025,2,4,0.8529411764705882
2025-02-05,26.0,36.0,36.0,3290,104.0,2025,2,5,1.3846153846153846
2025-02-06,25.0,32.0,27.0,3181,145.0,2025,2,6,1.08
2025-02-09,15.0,13.0,23.0,2878,99.0,2025,2,9,1.5333333333333334
2025-02-10,16.0,18.0,15.0,2834,63.0,2025,2,10,0.9375
2025-02-11,11.0,22.0,12.0,2799,50.0,2025,2,11,1.0909090909090908
2025-02-12,16.0,20.0,20.0,2752,66.0,2025,2,12,1.25
2025-02-13,15.0,10.0,23.0,2703,72.0,2025,2,13,1.5333333333333334
2025-02-17,8.0,17.0,14.0,2532,15.0,2025,2,17,1.75
2025-02-18,18.0,19.0,11.0,2536,9.0,2025,2,18,0.6111111111111112
2025-02-19,12.0,17.0,17.0,2528,19.0,2025,2,19,1.4166666666666667
2025-02-20,13.0,25.0,15.0,2520,32.0,2025,2,20,1.1538461538461537
2025-02-23,7.0,16.0,8.0,2423,35.0,2025,2,23,1.1428571428571428
2025-02-24,20.0,22.0,14.0,2413,24.0,2025,2,24,0.7
2025-02-25,11.0,7.0,7.0,2413,23.0,2025,2,25,0.6363636363636364
2025-02-26,12.0,21.0,1.0,2411,23.0,2025,2,26,0.08333333333333333
2025-02-27,10.0,15.0,17.0,2391,37.0,2025,2,27,1.7
2025-03-02,12.0,24.0,4.0,2297,31.0,2025,3,2,0.3333333333333333
2025-03-03,8.0,29.0,18.0,2287,25.0,2025,3,3,2.25
2025-03-04,4.0,25.0,10.0,2272,30.0,2025,3,4,2.5
2025-03-05,5.0,20.0,4.0,2238,40.0,2025,3,5,0.8
2025-03-06,7.0,27.0,6.0,2218,33.0,2025,3,6,0.8571428571428571
2025-03-09,12.0,25.0,15.0,2137,30.0,2025,3,9,1.25
2025-03-10,6.0,28.0,8.0,2125,23.0,2025,3,10,1.3333333333333333
2025-03-11,3.0,11.0,7.0,2116,20.0,2025,3,11,2.3333333333333335
2025-03-12,6.0,18.0,2.0,2113,8.0,2025,3,12,0.3333333333333333
2025-03-13,4.0,20.0,9.0,2116,6.0,2025,3,13,2.25
2025-03-16,1.0,9.0,8.0,2117,5.0,2025,3,16,8.0
2025-03-17,5.0,14.0,0.0,2111,8.0,2025,3,17,0.0
2025-03-18,19.0,34.0,6.0,2109,8.0,2025,3,18,0.3157894736842105
2025-03-19,6.0,22.0,14.0,2119,9.0,2025,3,19,2.3333333333333335
2025-03-20,9.0,20.0,11.0,2124,7.0,2025,3,20,1.2222222222222223
2025-03-23,15.0,29.0,9.0,2136,2.0,2025,3,23,0.6
2025-03-24,7.0,13.0,11.0,2139,7.0,2025,3,24,1.5714285714285714
2025-03-25,12.0,19.0,7.0,2145,6.0,2025,3,25,0.5833333333333334
2025-03-26,9.0,21.0,15.0,2159,2.0,2025,3,26,1.6666666666666667
2025-03-27,1.0,19.0,13.0,2159,2.0,2025,3,27,13.0
2025-03-30,9.0,20.0,5.0,2188,2.0,2025,3,30,0.5555555555555556
2025-03-31,9.0,25.0,8.0,2193,5.0,2025,3,31,0.8888888888888888
2025-04-01,17.0,36.0,7.0,2191,12.0,2025,4,1,0.4117647058823529
2025-04-02,5.0,31.0,16.0,2208,3.0,2025,4,2,3.2
2025-04-03,12.0,26.0,18.0,2223,8.0,2025,4,3,1.5
2025-04-06,7.0,14.0,7.0,2234,11.0,2025,4,6,1.0
2025-04-07,12.0,22.0,9.0,2237,5.0,2025,4,7,0.75
2025-04-08,12.0,34.0,12.0,2243,9.0,2025,4,8,1.0
2025-04-09,6.0,19.0,10.0,2251,5.0,2025,4,9,1.6666666666666667
2025-04-10,18.0,25.0,17.0,2265,6.0,2025,4,10,0.9444444444444444
2025-04-11,8.0,22.0,8.0,2267,9.0,2025,4,11,1.0
2025-04-13,5.0,26.0,10.0,2283,3.0,2025,4,13,2.0
2025-04-14,5.0,26.0,9.0,2282,13.0,2025,4,14,1.8
2025-04-15,4.0,19.0,12.0,2286,7.0,2025,4,15,3.0
2025-04-16,11.0,30.0,5.0,2291,8.0,2025,4,16,0.45454545454545453
2025-04-17,7.0,26.0,10.0,2288,14.0,2025,4,17,1.4285714285714286
2025-04-20,4.0,15.0,6.0,2305,4.0,2025,4,20,1.5
2025-04-21,10.0,25.0,5.0,2308,6.0,2025,4,21,0.5
2025-04-22,7.0,19.0,14.0,2305,17.0,2025,4,22,2.0
2025-04-23,3.0,23.0,4.0,2300,11.0,2025,4,23,1.3333333333333333
2025-04-24,3.0,9.0,7.0,2294,13.0,2025,4,24,2.3333333333333335
2025-04-27,9.0,40.0,12.0,2301,4.0,2025,4,27,1.3333333333333333
2025-04-28,6.0,26.0,12.0,2307,8.0,2025,4,28,2.0
2025-04-29,11.0,25.0,11.0,2304,15.0,2025,4,29,1.0
2025-04-30,7.0,34.0,9.0,2309,12.0,2025,4,30,1.2857142857142858
2025-05-01,13.0,32.0,14.0,2306,16.0,2025,5,1,1.0769230769230769
2025-05-04,9.0,31.0,10.0,2335,5.0,2025,5,4,1.1111111111111112
2025-05-05,15.0,44.0,20.0,2331,17.0,2025,5,5,1.3333333333333333
2025-05-06,10.0,33.0,16.0,2339,16.0,2025,5,6,1.6
2025-05-07,10.0,30.0,15.0,2335,10.0,2025,5,7,1.5
2025-05-08,15.0,24.0,16.0,2361,11.0,2025,5,8,1.0666666666666667
2025-05-11,15.0,20.0,12.0,2385,3.0,2025,5,11,0.8
2025-05-12,7.0,33.0,14.0,2392,7.0,2025,5,12,2.0
2025-05-13,18.0,29.0,12.0,2394,11.0,2025,5,13,0.6666666666666666
2025-05-14,7.0,30.0,14.0,2394,11.0,2025,5,14,2.0
2025-05-15,15.0,31.0,14.0,2410,14.0,2025,5,15,0.9333333333333333
2025-05-18,13.0,28.0,14.0,2437,9.0,2025,5,18,1.0769230769230769
2025-05-19,7.0,27.0,17.0,2457,6.0,2025,5,19,2.4285714285714284
2025-05-21,14.0,62.0,13.0,2467,18.0,2025,5,21,0.9285714285714286
2025-05-22,18.0,36.0,17.0,2473,15.0,2025,5,22,0.9444444444444444
2025-05-27,6.0,24.0,7.0,2504,11.0,2025,5,27,1.1666666666666667
2025-05-28,12.0,39.0,12.0,2499,14.0,2025,5,28,1.0
2025-05-29,13.0,38.0,15.0,2506,11.0,2025,5,29,1.1538461538461537
2025-06-01,8.0,24.0,16.0,2528,12.0,2025,6,1,2.0
2025-06-02,10.0,19.0,5.0,2518,16.0,2025,6,2,0.5
2025-06-03,5.0,23.0,11.0,2519,15.0,2025,6,3,2.2
2025-06-04,4.0,16.0,9.0,2516,16.0,2025,6,4,2.25
2025-06-05,8.0,26.0,5.0,2503,21.0,2025,6,5,0.625
2025-06-08,10.0,16.0,15.0,2507,13.0,2025,6,8,1.5
2025-06-09,8.0,21.0,14.0,2516,9.0,2025,6,9,1.75
2025-06-10,17.0,28.0,7.0,2511,12.0,2025,6,10,0.4117647058823529
2025-06-17,7.0,24.0,10.0,2523,14.0,2025,6,17,1.4285714285714286
2025-06-19,8.0,19.0,7.0,2501,18.0,2025,6,19,0.875
2025-06-22,7.0,13.0,5.0,2508,7.0,2025,6,22,0.7142857142857143
2025-06-23,3.0,15.0,5.0,2495,17.0,2025,6,23,1.6666666666666667
2025-06-24,5.0,20.0,5.0,2489,16.0,2025,6,24,1.0
2025-06-25,6.0,12.0,2.0,2470,24.0,2025,6,25,0.3333333333333333
2025-06-26,3.0,9.0,7.0,2447,35.0,2025,6,26,2.3333333333333335
2025-06-29,5.0,17.0,7.0,2413,20.0,2025,6,29,1.4
2025-06-30,9.0,22.0,8.0,2407,16.0,2025,6,30,0.8888888888888888
2025-07-01,7.0,14.0,6.0,2391,22.0,2025,7,1,0.8571428571428571
2025-07-02,8.0,20.0,9.0,2373,38.0,2025,7,2,1.125
2025-07-06,4.0,17.0,2.0,2332,8.0,2025,7,6,0.5
2025-07-07,3.0,18.0,8.0,2317,20.0,2025,7,7,2.6666666666666665
2025-07-08,5.0,16.0,8.0,2306,20.0,2025,7,8,1.6
2025-07-09,2.0,18.0,0.0,2281,32.0,2025,7,9,0.0
2025-07-10,2.0,12.0,3.0,2252,39.0,2025,7,10,1.5
2025-07-13,1.0,13.0,4.0,2204,10.0,2025,7,13,4.0
2025-07-14,2.0,9.0,1.0,2181,26.0,2025,7,14,0.5
2025-07-15,0.0,8.0,5.0,2171,17.0,2025,7,15,0.0
2025-07-16,1.0,9.0,0.0,2164,11.0,2025,7,16,0.0
2025-07-17,3.0,16.0,2.0,2153,17.0,2025,7,17,0.6666666666666666
2025-07-21,4.0,18.0,7.0,2121,16.0,2025,7,21,1.75
2025-07-22,5.0,13.0,3.0,2117,16.0,2025,7,22,0.6
2025-07-23,6.0,21.0,5.0,2111,14.0,2025,7,23,0.8333333333333334
2025-07-24,6.0,18.0,7.0,2096,29.0,2025,7,24,1.1666666666666667
2025-07-27,1.0,12.0,2.0,2088,4.0,2025,7,27,2.0
2025-07-28,2.0,9.0,3.0,2080,14.0,2025,7,28,1.5
2025-07-29,2.0,8.0,3.0,2072,12.0,2025,7,29,1.5
2025-07-30,4.0,15.0,4.0,2063,16.0,2025,7,30,1.0
2025-07-31,2.0,9.0,6.0,2058,15.0,2025,7,31,3.0
2025-08-03,5.0,26.0,3.0,2049,5.0,2025,8,3,0.6
2025-08-04,5.0,22.0,11.0,2040,14.0,2025,8,4,2.2
2025-08-05,2.0,21.0,10.0,2042,14.0,2025,8,5,5.0
2025-08-06,4.0,17.0,3.0,2036,13.0,2025,8,6,0.75
2025-08-07,4.0,18.0,6.0,2031,17.0,2025,8,7,1.5
2025-08-10,0.0,18.0,8.0,2006,12.0,2025,8,10,0.0
2025-08-11,6.0,23.0,4.0,1999,16.0,2025,8,11,0.6666666666666666
2025-08-12,8.0,38.0,9.0,1999,9.0,2025,8,12,1.125
2025-08-13,6.0,22.0,12.0,1997,17.0,2025,8,13,2.0
2025-08-14,3.0,27.0,4.0,1994,11.0,2025,8,14,1.3333333333333333
2025-08-17,4.0,14.0,2.0,1991,3.0,2025,8,17,0.5
2025-08-18,4.0,20.0,6.0,1985,14.0,2025,8,18,1.5
2025-08-19,5.0,35.0,3.0,1980,11.0,2025,8,19,0.6
2025-08-20,10.0,38.0,10.0,1983,10.0,2025,8,20,1.0
2025-08-21,6.0,49.0,8.0,1972,21.0,2025,8,21,1.3333333333333333
2025-08-24,4.0,21.0,5.0,1981,5.0,2025,8,24,1.25
2025-08-25,8.0,30.0,8.0,1980,11.0,2025,8,25,1.0
2025-08-26,10.0,21.0,20.0,1989,15.0,2025,8,26,2.0
2025-08-27,5.0,19.0,9.0,1988,19.0,2025,8,27,1.8
2025-08-28,8.0,33.0,6.0,1984,17.0,2025,8,28,0.75
2025-09-01,10.0,29.0,17.0,2010,5.0,2025,9,1,1.7
2025-09-02,6.0,35.0,9.0,2020,9.0,2025,9,2,1.5
2025-09-03,4.0,29.0,11.0,2019,10.0,2025,9,3,2.75
2025-09-04,11.0,40.0,2.0,2015,14.0,2025,9,4,0.18181818181818182
2025-09-07,4.0,19.0,9.0,2026,7.0,2025,9,7,2.25
2025-09-08,7.0,25.0,5.0,2025,6.0,2025,9,8,0.7142857142857143
2025-09-09,18.0,42.0,11.0,2023,14.0,2025,9,9,0.6111111111111112
2025-09-10,10.0,47.0,14.0,2025,18.0,2025,9,10,1.4
2025-09-11,12.0,38.0,29.0,2047,6.0,2025,9,11,2.4166666666666665
2025-09-14,7.0,39.0,13.0,2083,5.0,2025,9,14,1.8571428571428572
2025-09-15,9.0,47.0,10.0,2086,10.0,2025,9,15,1.1111111111111112
2025-09-16,7.0,28.0,17.0,2095,12.0,2025,9,16,2.4285714285714284
2025-09-17,7.0,38.0,5.0,2096,13.0,2025,9,17,0.7142857142857143
2025-09-18,20.0,52.0,11.0,2096,14.0,2025,9,18,0.55
2025-09-21,8.0,35.0,13.0,2134,5.0,2025,9,21,1.625
2025-09-22,17.0,40.0,14.0,2141,10.0,2025,9,22,0.8235294117647058
2025-09-23,11.0,36.0,10.0,2145,15.0,2025,9,23,0.9090909090909091
2025-09-24,3.0,38.0,12.0,2138,17.0,2025,9,24,4.0
2025-09-25,6.0,35.0,12.0,2132,18.0,2025,9,25,2.0
2025-09-28,11.0,29.0,12.0,2146,9.0,2025,9,28,1.0909090909090908
2025-09-29,8.0,35.0,12.0,2148,13.0,2025,9,29,1.5
2025-09-30,8.0,32.0,12.0,2159,7.0,2025,9,30,1.5
2025-10-01,4.0,33.0,12.0,2163,14.0,2025,10,1,3.0
2025-10-02,20.0,51.0,15.0,2164,16.0,2025,10,2,0.75
2025-10-05,8.0,28.0,13.0,2180,16.0,2025,10,5,1.625
2025-10-06,5.0,33.0,15.0,2187,10.0,2025,10,6,3.0
2025-10-07,11.0,45.0,4.0,2189,10.0,2025,10,7,0.36363636363636365
2025-10-08,8.0,49.0,15.0,2192,17.0,2025,10,8,1.875
2025-10-09,11.0,55.0,13.0,2192,12.0,2025,10,9,1.1818181818181819
2025-10-13,8.0,24.0,7.0,2223,6.0,2025,10,13,0.875
2025-10-14,7.0,30.0,16.0,2235,8.0,2025,10,14,2.2857142857142856
2025-10-15,8.0,29.0,10.0,2225,15.0,2025,10,15,1.25
2025-10-16,9.0,33.0,15.0,2233,9.0,2025,10,16,1.6666666666666667
2025-10-19,9.0,34.0,17.0,2237,7.0,2025,10,19,1.8888888888888888
2025-10-20,10.0,39.0,6.0,2243,7.0,2025,10,20,0.6
2025-10-21,13.0,39.0,17.0,2251,9.0,2025,10,21,1.3076923076923077
2025-10-22,12.0,42.0,13.0,2261,12.0,2025,10,22,1.0833333333333333
2025-10-23,4.0,27.0,26.0,2266,18.0,2025,10,23,6.5
2025-10-26,4.0,35.0,12.0,2276,10.0,2025,10,26,3.0
2025-10-27,2.0,31.0,8.0,2282,11.0,2025,10,27,4.0
2025-10-28,6.0,22.0,11.0,2286,6.0,2025,10,28,1.8333333333333333
2025-10-29,6.0,25.0,4.0,2280,17.0,2025,10,29,0.6666666666666666
2025-10-30,3.0,17.0,14.0,2287,12.0,2025,10,30,4.666666666666667
2025-11-02,5.0,21.0,10.0,2277,7.0,2025,11,2,2.0
2025-11-03,3.0,28.0,5.0,2269,12.0,2025,11,3,1.6666666666666667
2025-11-04,6.0,33.0,6.0,2270,8.0,2025,11,4,1.0
2025-11-05,8.0,41.0,8.0,2272,7.0,2025,11,5,1.0
2025-11-06,6.0,33.0,9.0,2264,19.0,2025,11,6,1.5
2025-11-09,11.0,33.0,5.0,2294,4.0,2025,11,9,0.45454545454545453
2025-11-11,11.0,39.0,12.0,2294,14.0,2025,11,11,1.0909090909090908
2025-11-12,14.0,48.0,20.0,2302,7.0,2025,11,12,1.4285714285714286
2025-11-13,6.0,26.0,16.0,2317,5.0,2025,11,13,2.6666666666666665
2025-11-16,5.0,22.0,3.0,2340,5.0,2025,11,16,0.6
2025-11-17,1.0,35.0,6.0,2343,8.0,2025,11,17,6.0
2025-11-18,2.0,38.0,8.0,2345,12.0,2025,11,18,4.0
2025-11-19,7.0,32.0,3.0,2340,10.0,2025,11,19,0.42857142857142855
2025-11-20,18.0,57.0,8.0,2340,9.0,2025,11,20,0.4444444444444444
2025-11-23,3.0,46.0,22.0,2375,1.0,2025,11,23,7.333333333333333
2025-11-24,9.0,40.0,9.0,2371,13.0,2025,11,24,1.0
2025-11-25,6.0,47.0,14.0,2375,11.0,2025,11,25,2.3333333333333335
2025-11-27,4.0,24.0,8.0,2389,7.0,2025,11,27,2.0
2025-11-30,4.0,18.0,10.0,2415,0.0,2025,11,30,2.5
2025-12-01,4.0,26.0,4.0,2410,9.0,2025,12,1,1.0
2025-12-02,7.0,34.0,6.0,2407,8.0,2025,12,2,0.8571428571428571
2025-12-03,4.0,32.0,8.0,2419,7.0,2025,12,3,2.0
2025-12-04,16.0,39.0,7.0,2418,13.0,2025,12,4,0.4375
2025-12-07,4.0,24.0,13.0,2429,12.0,2025,12,7,3.25
2025-12-08,9.0,27.0,9.0,2440,4.0,2025,12,8,1.0
2025-12-09,4.0,30.0,7.0,2443,8.0,2025,12,9,1.75
2025-12-10,10.0,54.0,5.0,2439,9.0,2025,12,10,0.5
2025-12-11,7.0,47.0,9.0,2437,10.0,2025,12,11,1.2857142857142858
2025-12-14,8.0,35.0,4.0,2462,8.0,2025,12,14,0.5
2025-12-15,11.0,42.0,9.0,2470,7.0,2025,12,15,0.8181818181818182
2025-12-16,8.0,54.0,15.0,2468,9.0,2025,12,16,1.875
2025-12-17,7.0,31.0,11.0,2481,10.0,2025,12,17,1.5714285714285714
2025-12-18,11.0,50.0,6.0,2472,16.0,2025,12,18,0.5454545454545454
2025-12-21,6.0,18.0,11.0,2484,14.0,2025,12,21,1.8333333333333333
